seq_len,scheme,model,epoch,train_loss,val_loss
20,A-宏观(3维),GRU,1,0.475788331052073,0.09014642983675003
20,A-宏观(3维),GRU,2,0.022867400508153696,0.009735684841871262
20,A-宏观(3维),GRU,3,0.004931744965634487,0.003012992674484849
20,A-宏观(3维),GRU,4,0.0024617767326479212,0.0018863221630454063
20,A-宏观(3维),GRU,5,0.0019590248220245888,0.001604872872121632
20,A-宏观(3维),GRU,6,0.001735757151655151,0.0016217018710449338
20,A-宏观(3维),GRU,7,0.0016859061841783271,0.001773057971149683
20,A-宏观(3维),GRU,8,0.0016496005507180206,0.001670440542511642
20,A-宏观(3维),GRU,9,0.001651289997708144,0.001637653331272304
20,A-宏观(3维),GRU,10,0.0016196181910908827,0.001627328572794795
20,A-宏观(3维),GRU,11,0.0016039292934686453,0.0017146661411970854
20,A-宏观(3维),GRU,12,0.001628689441529226,0.001584232202731073
20,A-宏观(3维),GRU,13,0.0015840070770638212,0.001595567329786718
20,A-宏观(3维),GRU,14,0.0015967349662659432,0.0017510344041511416
20,A-宏观(3维),GRU,15,0.0015937577954272695,0.0017261591274291277
20,A-宏观(3维),GRU,16,0.001591719318915223,0.001607648329809308
20,A-宏观(3维),GRU,17,0.0015879813632267478,0.001732404576614499
20,A-宏观(3维),GRU,18,0.0015742506647666733,0.0016321020666509867
20,A-宏观(3维),GRU,19,0.0015896409288831425,0.0017554062651470304
20,A-宏观(3维),GRU,20,0.0015650482979017806,0.001827168627642095
20,A-宏观(3维),GRU,21,0.001550093134192624,0.0017298071179538965
20,A-宏观(3维),GRU,22,0.0015677740767672229,0.0015978449955582619
20,A-宏观(3维),GRU,23,0.0015742493053086293,0.00159269233699888
20,A-宏观(3维),GRU,24,0.0015835015512349825,0.0017386170802637935
20,A-宏观(3维),LSTM,1,0.49605582062299264,0.022823374718427658
20,A-宏观(3维),LSTM,2,0.02563058512508557,0.009674078784883022
20,A-宏观(3维),LSTM,3,0.0035692543166746596,0.0035797194577753544
20,A-宏观(3维),LSTM,4,0.0021451340336084545,0.0016046400414779782
20,A-宏观(3维),LSTM,5,0.0015672416284788558,0.0017441930249333382
20,A-宏观(3维),LSTM,6,0.00158270195360217,0.0017051122849807143
20,A-宏观(3维),LSTM,7,0.001571945897922454,0.0018319248920306563
20,A-宏观(3维),LSTM,8,0.0015621836830738568,0.001704265596345067
20,A-宏观(3维),LSTM,9,0.0015585838356759537,0.0016603248659521341
20,A-宏观(3维),LSTM,10,0.0015963450487101697,0.0016690745251253247
20,A-宏观(3维),LSTM,11,0.001544259620836752,0.001660912181250751
20,A-宏观(3维),LSTM,12,0.0015782589596159628,0.0016268652398139238
20,A-宏观(3维),LSTM,13,0.0015541849433591132,0.0015949778025969863
20,A-宏观(3维),LSTM,14,0.0015575599168051544,0.0017125135054811835
20,A-宏观(3维),LSTM,15,0.0015386586351766559,0.0016634706407785416
20,A-宏观(3维),LSTM,16,0.001610027525884897,0.001576499897055328
20,A-宏观(3维),LSTM,17,0.0015584566589729486,0.0016370341181755066
20,A-宏观(3维),LSTM,18,0.0015547302634904112,0.0017914669588208199
20,A-宏观(3维),LSTM,19,0.001551375915842206,0.0016873452113941312
20,A-宏观(3维),LSTM,20,0.0015659728573614751,0.0016240021213889122
20,A-宏观(3维),LSTM,21,0.0015667933449348944,0.0016766113694757223
20,A-宏观(3维),LSTM,22,0.001549652435676468,0.0016733505763113499
20,A-宏观(3维),LSTM,23,0.0015448843423093897,0.001648050849325955
20,A-宏观(3维),LSTM,24,0.0015505564936730584,0.001656541833654046
20,A-宏观(3维),LSTM,25,0.001541359763356605,0.0016915458254516125
20,A-宏观(3维),LSTM,26,0.0015531072400004444,0.0015863412991166115
20,A-宏观(3维),LSTM,27,0.0015511798953456188,0.0017698047449812293
20,A-宏观(3维),LSTM,28,0.0015352221570367093,0.0016634430503472686
20,B-全部外部(10维),GRU,1,0.2533195993313805,0.02762683853507042
20,B-全部外部(10维),GRU,2,0.011945288536961965,0.009934616275131702
20,B-全部外部(10维),GRU,3,0.0039048916356874924,0.0036921543069183826
20,B-全部外部(10维),GRU,4,0.002063736567053942,0.002125884871929884
20,B-全部外部(10维),GRU,5,0.0017201849244815682,0.0017294766148552299
20,B-全部外部(10维),GRU,6,0.001665160895548449,0.0014714017743244767
20,B-全部外部(10维),GRU,7,0.001629796931797893,0.0014821473741903901
20,B-全部外部(10维),GRU,8,0.0015650042725024206,0.0016705086454749107
20,B-全部外部(10维),GRU,9,0.001556177090350022,0.0014584669843316078
20,B-全部外部(10维),GRU,10,0.0015072806889760493,0.001468881731852889
20,B-全部外部(10维),GRU,11,0.0014803828261592848,0.0014033287297934294
20,B-全部外部(10维),GRU,12,0.0014785274324479573,0.0014930355828255415
20,B-全部外部(10维),GRU,13,0.0014797246007712715,0.0014865518314763904
20,B-全部外部(10维),GRU,14,0.001464000983116929,0.0014610134530812502
20,B-全部外部(10维),GRU,15,0.001475609174463167,0.0017128228209912777
20,B-全部外部(10维),GRU,16,0.0014492239545877733,0.0014226892963051796
20,B-全部外部(10维),GRU,17,0.0013847660995441845,0.0013864004286006093
20,B-全部外部(10维),GRU,18,0.0013729724948977236,0.001438029808923602
20,B-全部外部(10维),GRU,19,0.0013723346291544633,0.001348572433926165
20,B-全部外部(10维),GRU,20,0.0013164679426261262,0.001301582669839263
20,B-全部外部(10维),GRU,21,0.0013061159906625232,0.00121793569996953
20,B-全部外部(10维),GRU,22,0.0012754580770043655,0.0013137186178937554
20,B-全部外部(10维),GRU,23,0.001214951829980398,0.0011699923779815435
20,B-全部外部(10维),GRU,24,0.0012266342557405285,0.0012182538630440831
20,B-全部外部(10维),GRU,25,0.0011677608639099315,0.0010425752261653543
20,B-全部外部(10维),GRU,26,0.0011259604519923193,0.000986010767519474
20,B-全部外部(10维),GRU,27,0.0010740141621764022,0.0009818464750424027
20,B-全部外部(10维),GRU,28,0.001009827641215154,0.0008975148666650057
20,B-全部外部(10维),GRU,29,0.0011237809897026642,0.0008974458323791623
20,B-全部外部(10维),GRU,30,0.0011225803234065678,0.0009265731787309051
20,B-全部外部(10维),GRU,31,0.000975964428437362,0.0008725437801331282
20,B-全部外部(10维),GRU,32,0.0008750666164810619,0.0008278900641016662
20,B-全部外部(10维),GRU,33,0.0008980103093796434,0.0008185076876543462
20,B-全部外部(10维),GRU,34,0.0009571270945797271,0.000927829067222774
20,B-全部外部(10维),GRU,35,0.0011394720899259398,0.0008207420469261706
20,B-全部外部(10维),GRU,36,0.0009490622215807313,0.0007580433739349246
20,B-全部外部(10维),GRU,37,0.0008279340103069298,0.0009223639499396086
20,B-全部外部(10维),GRU,38,0.0008770474149884041,0.0007329661166295409
20,B-全部外部(10维),GRU,39,0.0007805786847172491,0.0008139208075590432
20,B-全部外部(10维),GRU,40,0.0008218027329355505,0.000724437297321856
20,B-全部外部(10维),GRU,41,0.0008261085618328749,0.0006845823954790831
20,B-全部外部(10维),GRU,42,0.000759355536289708,0.000674183014780283
20,B-全部外部(10维),GRU,43,0.0007765687158570563,0.0009986069053411484
20,B-全部外部(10维),GRU,44,0.0007492811371248716,0.0006569091929122806
20,B-全部外部(10维),GRU,45,0.0007269721365707265,0.0006447979831136763
20,B-全部外部(10维),GRU,46,0.0007597833951888387,0.0006443383754231036
20,B-全部外部(10维),GRU,47,0.0006920130380788991,0.0007444140501320362
20,B-全部外部(10维),GRU,48,0.0007054998015427853,0.0006321558612398803
20,B-全部外部(10维),GRU,49,0.0006963156466701271,0.0007478443440049887
20,B-全部外部(10维),GRU,50,0.0006975032767955426,0.0006564650102518499
20,B-全部外部(10维),GRU,51,0.0006690297463958989,0.0006093739066272974
20,B-全部外部(10维),GRU,52,0.000776830926535808,0.0008898336091078818
20,B-全部外部(10维),GRU,53,0.0008290697913872754,0.0006578801549039781
20,B-全部外部(10维),GRU,54,0.0006779148178489431,0.0006010867655277252
20,B-全部外部(10维),GRU,55,0.0006773884174309686,0.0005969214835204184
20,B-全部外部(10维),GRU,56,0.0006872439128127434,0.0006308768643066287
20,B-全部外部(10维),GRU,57,0.000679666940813659,0.000641210877802223
20,B-全部外部(10维),GRU,58,0.0007179128268964137,0.0006698757060803473
20,B-全部外部(10维),GRU,59,0.0007531377340984701,0.0005869130254723132
20,B-全部外部(10维),GRU,60,0.0007158392662421738,0.0005923056160099804
20,B-全部外部(10维),GRU,61,0.0006648002262495279,0.0006408257177099586
20,B-全部外部(10维),GRU,62,0.0006730604481791725,0.0006351576885208488
20,B-全部外部(10维),GRU,63,0.0007096429239453632,0.0006372001371346414
20,B-全部外部(10维),GRU,64,0.0006320208000335482,0.0005856379284523427
20,B-全部外部(10维),GRU,65,0.0006810886044496761,0.0006361387204378843
20,B-全部外部(10维),GRU,66,0.0008292204268437029,0.0008017610525712371
20,B-全部外部(10维),GRU,67,0.0007872079776976237,0.0009630214190110564
20,B-全部外部(10维),GRU,68,0.0006275438294041276,0.000726141151972115
20,B-全部外部(10维),GRU,69,0.0006536709238282365,0.0005650524399243295
20,B-全部外部(10维),GRU,70,0.0007466556883160237,0.0007089313003234565
20,B-全部外部(10维),GRU,71,0.0007625677909963768,0.0007417360902763903
20,B-全部外部(10维),GRU,72,0.0006422459889919225,0.0005573189118877053
20,B-全部外部(10维),GRU,73,0.0006514507112110815,0.000562402477953583
20,B-全部外部(10维),GRU,74,0.0006678697617111941,0.0005640987074002624
20,B-全部外部(10维),GRU,75,0.0006288125194693964,0.0006071111420169473
20,B-全部外部(10维),GRU,76,0.0007326336668790642,0.0006713320035487413
20,B-全部外部(10维),GRU,77,0.0006383421156708442,0.000563400739338249
20,B-全部外部(10维),GRU,78,0.0006777165278627657,0.0005909409956075251
20,B-全部外部(10维),GRU,79,0.0006857404152364171,0.0005791725125163794
20,B-全部外部(10维),GRU,80,0.0006612506841600803,0.0005744864465668797
20,B-全部外部(10维),LSTM,1,0.39120634992215597,0.0055846539326012135
20,B-全部外部(10维),LSTM,2,0.012263871423562882,0.0024909921921789646
20,B-全部外部(10维),LSTM,3,0.0034151913170288022,0.002163676079362631
20,B-全部外部(10维),LSTM,4,0.00215083135346517,0.001616321038454771
20,B-全部外部(10维),LSTM,5,0.0016786100517462283,0.0015491523081436753
20,B-全部外部(10维),LSTM,6,0.0016238956031969967,0.0016338402638211846
20,B-全部外部(10维),LSTM,7,0.001605211085313858,0.001655497937463224
20,B-全部外部(10维),LSTM,8,0.0015895345643886928,0.001631557592190802
20,B-全部外部(10维),LSTM,9,0.0015956610150017285,0.001627044752240181
20,B-全部外部(10维),LSTM,10,0.0015894873251101418,0.00174756720662117
20,B-全部外部(10维),LSTM,11,0.0015819228350144408,0.0015766717260703444
20,B-全部外部(10维),LSTM,12,0.0015750548384171358,0.0016188640147447586
20,B-全部外部(10维),LSTM,13,0.0015703255237186887,0.0016246734885498881
20,B-全部外部(10维),LSTM,14,0.0015440656387962085,0.0016791840316727757
20,B-全部外部(10维),LSTM,15,0.0015732591870873933,0.001754634315147996
20,B-全部外部(10维),LSTM,16,0.0015684748172013392,0.0016166692366823554
20,B-全部外部(10维),LSTM,17,0.0015503673400356587,0.001629547099582851
20,C-全部(11维),GRU,1,0.3201764288515804,0.010028784163296223
20,C-全部(11维),GRU,2,0.011604029732531648,0.0015343028353527188
20,C-全部(11维),GRU,3,0.0034342006085004827,0.0016322716837748885
20,C-全部(11维),GRU,4,0.001963836223536187,0.0014378286432474852
20,C-全部(11维),GRU,5,0.001685610887729029,0.001406309544108808
20,C-全部(11维),GRU,6,0.0015266105932393611,0.0014073571655899286
20,C-全部(11维),GRU,7,0.0014922822336922144,0.001549901207908988
20,C-全部(11维),GRU,8,0.0014795550588817612,0.0015460449503734708
20,C-全部(11维),GRU,9,0.0014923173538981807,0.001488952781073749
20,C-全部(11维),GRU,10,0.0014901127829983994,0.0013927248073741794
20,C-全部(11维),GRU,11,0.0015629519004114498,0.001402157242409885
20,C-全部(11维),GRU,12,0.0015496496748484277,0.001642368733882904
20,C-全部(11维),GRU,13,0.0015057384494345095,0.0013728461926802993
20,C-全部(11维),GRU,14,0.0014837041203846861,0.0014182648155838251
20,C-全部(11维),GRU,15,0.0014307734352175373,0.0014077065279707313
20,C-全部(11维),GRU,16,0.0014300770622769235,0.00152677355799824
20,C-全部(11维),GRU,17,0.0014228884519132908,0.0013612245675176382
20,C-全部(11维),GRU,18,0.0014756605716754571,0.0019575729966163635
20,C-全部(11维),GRU,19,0.001524706744741939,0.0013229141477495432
20,C-全部(11维),GRU,20,0.0014340762883056325,0.0013336018892005086
20,C-全部(11维),GRU,21,0.0013703123029991048,0.0014595893444493413
20,C-全部(11维),GRU,22,0.001338918311587203,0.0014010292943567038
20,C-全部(11维),GRU,23,0.0013139322755248142,0.0015248435083776712
20,C-全部(11维),GRU,24,0.0013657133724254886,0.001422347268089652
20,C-全部(11维),GRU,25,0.001322260779091793,0.001210129470564425
20,C-全部(11维),GRU,26,0.0013084168027972384,0.001181622501462698
20,C-全部(11维),GRU,27,0.0012500584676831546,0.001163701293990016
20,C-全部(11维),GRU,28,0.0011780065057184186,0.0011467975564301014
20,C-全部(11维),GRU,29,0.001119016973978695,0.0011134156957268715
20,C-全部(11维),GRU,30,0.0010281921136409847,0.0008951337658800185
20,C-全部(11维),GRU,31,0.001116568404910204,0.0012465587351471186
20,C-全部(11维),GRU,32,0.001003053699181942,0.0007956755580380559
20,C-全部(11维),GRU,33,0.0008603924640073245,0.0007193480851128697
20,C-全部(11维),GRU,34,0.0008812381030405881,0.0008172556408680975
20,C-全部(11维),GRU,35,0.0007627707601048263,0.0006331718759611249
20,C-全部(11维),GRU,36,0.0007784116576369199,0.0006094464333727956
20,C-全部(11维),GRU,37,0.0009106006466601802,0.0007226623711176217
20,C-全部(11维),GRU,38,0.0007615343706615557,0.0007709807250648737
20,C-全部(11维),GRU,39,0.0007574402317265853,0.0010556186316534877
20,C-全部(11维),GRU,40,0.0007018322069154032,0.000569978088606149
20,C-全部(11维),GRU,41,0.0007049119507702392,0.0005380561924539506
20,C-全部(11维),GRU,42,0.0006501401529936408,0.000517672102432698
20,C-全部(11维),GRU,43,0.0007366022340403134,0.0005769519484601915
20,C-全部(11维),GRU,44,0.0006240342994009045,0.0005337834008969367
20,C-全部(11维),GRU,45,0.0005716445554188667,0.0007228939211927354
20,C-全部(11维),GRU,46,0.0006424203694275128,0.0005119615816511214
20,C-全部(11维),GRU,47,0.0007458451714925663,0.0005616401322185993
20,C-全部(11维),GRU,48,0.000609568983983114,0.0004940793733112514
20,C-全部(11维),GRU,49,0.0006391684845024608,0.0007030427805148065
20,C-全部(11维),GRU,50,0.0006536315064896766,0.0004555117920972407
20,C-全部(11维),GRU,51,0.0005595640570299591,0.0004425077931955457
20,C-全部(11维),GRU,52,0.0007562573673495996,0.000446937105152756
20,C-全部(11维),GRU,53,0.000640700794718643,0.0007779521984048188
20,C-全部(11维),GRU,54,0.0005483447303844412,0.0004529325815383345
20,C-全部(11维),GRU,55,0.0005252951794376568,0.00041958037763834
20,C-全部(11维),GRU,56,0.000552871075852602,0.0006223326199688017
20,C-全部(11维),GRU,57,0.0007129478616048331,0.00047330540837720037
20,C-全部(11维),GRU,58,0.0006136984887780462,0.00044933645403943956
20,C-全部(11维),GRU,59,0.0004836766815834256,0.0004902841174043715
20,C-全部(11维),GRU,60,0.000463656771706694,0.0003899435978382826
20,C-全部(11维),GRU,61,0.00044212917666779935,0.0003803205909207463
20,C-全部(11维),GRU,62,0.00046106448940068194,0.0003913232940249145
20,C-全部(11维),GRU,63,0.00048076382314351113,0.0006224506651051342
20,C-全部(11维),GRU,64,0.00045942543812212106,0.0004128120781388134
20,C-全部(11维),GRU,65,0.00047289653615609364,0.000382004160201177
20,C-全部(11维),GRU,66,0.0004655763626045999,0.00047536042984575033
20,C-全部(11维),GRU,67,0.00044442483914547225,0.0003770412877202034
20,C-全部(11维),GRU,68,0.00046875181098684007,0.0003467858477961272
20,C-全部(11维),GRU,69,0.0005168566562031644,0.00046639813808724284
20,C-全部(11维),GRU,70,0.0005048726245391507,0.00039796505006961524
20,C-全部(11维),GRU,71,0.000484301760937231,0.0003538669552654028
20,C-全部(11维),GRU,72,0.00040796182886173454,0.0005095156957395375
20,C-全部(11维),GRU,73,0.0005538023453976322,0.0006275800406001508
20,C-全部(11维),GRU,74,0.0006780284632354086,0.0009633848676458001
20,C-全部(11维),GRU,75,0.0005834285139502428,0.000402244389988482
20,C-全部(11维),GRU,76,0.0004471784670566014,0.0003348221362102777
20,C-全部(11维),GRU,77,0.0005014610837216375,0.0003623507509473711
20,C-全部(11维),GRU,78,0.00045153827679746556,0.00036396109499037266
20,C-全部(11维),GRU,79,0.000419183282950047,0.0005700308829545975
20,C-全部(11维),GRU,80,0.0004535552612805572,0.0003174761950504035
20,C-全部(11维),LSTM,1,0.48373219242571913,0.04318825155496597
20,C-全部(11维),LSTM,2,0.01207601189421327,0.006601086817681789
20,C-全部(11维),LSTM,3,0.0035845380267181958,0.0018259544158354402
20,C-全部(11维),LSTM,4,0.0020326432448625176,0.0016070406418293715
20,C-全部(11维),LSTM,5,0.0016446097259039828,0.0015853632939979434
20,C-全部(11维),LSTM,6,0.0015714523019532277,0.0016837483271956444
20,C-全部(11维),LSTM,7,0.001594747583165449,0.001647795201279223
20,C-全部(11维),LSTM,8,0.0015922756587222905,0.0016670774202793837
20,C-全部(11维),LSTM,9,0.001596843093316388,0.0016834295820444822
20,C-全部(11维),LSTM,10,0.0016016849794988932,0.001611665589734912
20,C-全部(11维),LSTM,11,0.0015998733494199777,0.0017970611806958914
20,C-全部(11维),LSTM,12,0.0015897983426232064,0.0016879657050594687
20,C-全部(11维),LSTM,13,0.0015628839304333447,0.0018294681794941425
20,C-全部(11维),LSTM,14,0.0015731378111691998,0.001665883813984692
20,C-全部(11维),LSTM,15,0.0015508510327222015,0.001687528332695365
20,C-全部(11维),LSTM,16,0.0015406461175134448,0.0019016691949218512
20,C-全部(11维),LSTM,17,0.001575911863253041,0.0017922607949003577
30,A-宏观(3维),GRU,1,0.4780765075642206,0.07640492171049118
30,A-宏观(3维),GRU,2,0.02163165174610815,0.006225835531949997
30,A-宏观(3维),GRU,3,0.0047588726916673275,0.002752048196271062
30,A-宏观(3维),GRU,4,0.0029347902230001293,0.002328770002350211
30,A-宏观(3维),GRU,5,0.00252699376726185,0.0027332340832799673
30,A-宏观(3维),GRU,6,0.002414383753293489,0.0030209922697395086
30,A-宏观(3维),GRU,7,0.0023800664769239657,0.0029580213595181704
30,A-宏观(3维),GRU,8,0.0023077642499787173,0.00259177153930068
30,A-宏观(3维),GRU,9,0.002270788857605561,0.00230911816470325
30,A-宏观(3维),GRU,10,0.0022991922344014967,0.0025866294745355844
30,A-宏观(3维),GRU,11,0.002255141305424144,0.002429151674732566
30,A-宏观(3维),GRU,12,0.002203351873201443,0.0024296410847455263
30,A-宏观(3维),GRU,13,0.0022192133006604014,0.0026521210093051195
30,A-宏观(3维),GRU,14,0.0021999096755709485,0.0023466444108635187
30,A-宏观(3维),GRU,15,0.0022050383851531775,0.0024443771690130234
30,A-宏观(3维),GRU,16,0.0022386656360047184,0.0026910901069641113
30,A-宏观(3维),GRU,17,0.0022339317059660744,0.0029749188106507063
30,A-宏观(3维),GRU,18,0.0022273973336708838,0.002239886438474059
30,A-宏观(3维),GRU,19,0.002174621443144158,0.0027913337107747793
30,A-宏观(3维),GRU,20,0.0021551487932343237,0.0024404393043369055
30,A-宏观(3维),GRU,21,0.0021750898258922242,0.00243202643468976
30,A-宏观(3维),GRU,22,0.0021591876738306444,0.002199361566454172
30,A-宏观(3维),GRU,23,0.002180953379360364,0.0025361606385558844
30,A-宏观(3维),GRU,24,0.0021804511605388144,0.002480492228642106
30,A-宏观(3维),GRU,25,0.00218095231447555,0.0024077885318547487
30,A-宏观(3维),GRU,26,0.0022265522085279147,0.003046484664082527
30,A-宏观(3维),GRU,27,0.0022153114069102314,0.003220924409106374
30,A-宏观(3维),GRU,28,0.0022782617502614096,0.0026576872915029526
30,A-宏观(3维),GRU,29,0.002231362264205078,0.0025694561190903187
30,A-宏观(3维),GRU,30,0.0023532466946276534,0.0027315926272422075
30,A-宏观(3维),GRU,31,0.002239035635251848,0.002806495875120163
30,A-宏观(3维),GRU,32,0.002162215839664813,0.0029028316494077444
30,A-宏观(3维),GRU,33,0.002171891899083764,0.0022489039693027735
30,A-宏观(3维),GRU,34,0.0021670512872934734,0.0023631968069821596
30,A-宏观(3维),LSTM,1,0.49947177025311673,0.018978148698806763
30,A-宏观(3维),LSTM,2,0.024499298421678764,0.011650928296148777
30,A-宏观(3维),LSTM,3,0.004109959391561552,0.004868701566010714
30,A-宏观(3维),LSTM,4,0.00281551961019353,0.002519189612939954
30,A-宏观(3维),LSTM,5,0.0022158129955213253,0.0027877904940396547
30,A-宏观(3维),LSTM,6,0.0021856767513682923,0.002500927308574319
30,A-宏观(3维),LSTM,7,0.002178486318659157,0.002534527098760009
30,A-宏观(3维),LSTM,8,0.0021729821083025674,0.0026209549978375435
30,A-宏观(3维),LSTM,9,0.002208364959404476,0.0025956102181226015
30,A-宏观(3维),LSTM,10,0.002166841859130217,0.002490210346877575
30,A-宏观(3维),LSTM,11,0.0021700429506472524,0.0027627181261777878
30,A-宏观(3维),LSTM,12,0.0021861018741582724,0.0024606743827462196
30,A-宏观(3维),LSTM,13,0.002185132955129933,0.0025802727323025465
30,A-宏观(3维),LSTM,14,0.0021398926225061217,0.002465206431224942
30,A-宏观(3维),LSTM,15,0.002173076546971423,0.0025856548454612494
30,A-宏观(3维),LSTM,16,0.0021473783365245527,0.002557205967605114
30,A-宏观(3维),LSTM,17,0.002169737189264477,0.002561921952292323
30,A-宏观(3维),LSTM,18,0.0021757203062897305,0.0026931408792734146
30,A-宏观(3维),LSTM,19,0.002159303568866004,0.0023605984169989824
30,A-宏观(3维),LSTM,20,0.0021591076066669493,0.002569658914580941
30,A-宏观(3维),LSTM,21,0.002155543618523435,0.0026355870068073273
30,A-宏观(3维),LSTM,22,0.0021520496483476755,0.002398739568889141
30,A-宏观(3维),LSTM,23,0.0021556282901243826,0.0024020965211093426
30,A-宏观(3维),LSTM,24,0.002170342278996505,0.0026381313800811768
30,A-宏观(3维),LSTM,25,0.002153569304564089,0.002773536369204521
30,A-宏观(3维),LSTM,26,0.002137470359290347,0.002487409859895706
30,A-宏观(3维),LSTM,27,0.00215580338060558,0.002634884789586067
30,A-宏观(3维),LSTM,28,0.0021390867679684116,0.0027622187044471502
30,A-宏观(3维),LSTM,29,0.002154886982707931,0.002749418606981635
30,A-宏观(3维),LSTM,30,0.00213573586420087,0.0024188777897506952
30,A-宏观(3维),LSTM,31,0.0021424399537457125,0.0023966776207089424
30,B-全部外部(10维),GRU,1,0.25740017022335926,0.03042885847389698
30,B-全部外部(10维),GRU,2,0.012605258825086625,0.010510813444852829
30,B-全部外部(10维),GRU,3,0.004202183703208506,0.004262003116309643
30,B-全部外部(10维),GRU,4,0.0026361607523416528,0.0024533469695597887
30,B-全部外部(10维),GRU,5,0.0022447036036918784,0.002020318293944001
30,B-全部外部(10维),GRU,6,0.0021850972153199372,0.002039252081885934
30,B-全部外部(10维),GRU,7,0.0021212229792759614,0.002705197548493743
30,B-全部外部(10维),GRU,8,0.002109619979095057,0.001986935967579484
30,B-全部外部(10维),GRU,9,0.0020442647790376574,0.002443460514768958
30,B-全部外部(10维),GRU,10,0.0020167827943015624,0.0018509078072384
30,B-全部外部(10维),GRU,11,0.0019358004661235784,0.002248515374958515
30,B-全部外部(10维),GRU,12,0.0019297836210504214,0.002177555114030838
30,B-全部外部(10维),GRU,13,0.001815570986730246,0.0018184432992711663
30,B-全部外部(10维),GRU,14,0.0018138376179482908,0.0016641105758026242
30,B-全部外部(10维),GRU,15,0.0017324031622387636,0.0016563856042921543
30,B-全部外部(10维),GRU,16,0.0016512456589472969,0.0015469527570530772
30,B-全部外部(10维),GRU,17,0.0015411591080768422,0.0014158458216115832
30,B-全部外部(10维),GRU,18,0.001381330665466481,0.001235729199834168
30,B-全部外部(10维),GRU,19,0.0013879244585057572,0.0014073377242311835
30,B-全部外部(10维),GRU,20,0.001951238059383405,0.0016443888889625669
30,B-全部外部(10维),GRU,21,0.001543862845107858,0.0012682933593168855
30,B-全部外部(10维),GRU,22,0.0012160186014769658,0.0012965018395334482
30,B-全部外部(10维),GRU,23,0.0011442117196439655,0.0010439450852572918
30,B-全部外部(10维),GRU,24,0.0011318068811008565,0.0010400403989478946
30,B-全部外部(10维),GRU,25,0.0010567501479801945,0.0010590126039460301
30,B-全部外部(10维),GRU,26,0.0010929517105622497,0.0013894097646698356
30,B-全部外部(10维),GRU,27,0.0010413834862513904,0.0013887434033676982
30,B-全部外部(10维),GRU,28,0.0011394933524538128,0.0009664534009061754
30,B-全部外部(10维),GRU,29,0.0010528028203489975,0.0012850835919380188
30,B-全部外部(10维),GRU,30,0.0011005006788243617,0.0009812897769734263
30,B-全部外部(10维),GRU,31,0.0009797238578837656,0.001296261209063232
30,B-全部外部(10维),GRU,32,0.0009852499796431816,0.0010111056035384536
30,B-全部外部(10维),GRU,33,0.000928800585540085,0.0009030229994095862
30,B-全部外部(10维),GRU,34,0.000929043536355669,0.0008940675761550665
30,B-全部外部(10维),GRU,35,0.0011101545856507208,0.001388411968946457
30,B-全部外部(10维),GRU,36,0.001117247635687749,0.0017661596648395061
30,B-全部外部(10维),GRU,37,0.001176751606715799,0.0011982545256614685
30,B-全部外部(10维),GRU,38,0.0009364662457405462,0.0008533209911547601
30,B-全部外部(10维),GRU,39,0.0009997116236078864,0.0008581827278248966
30,B-全部外部(10维),GRU,40,0.0010344679491569447,0.0016259880503639579
30,B-全部外部(10维),GRU,41,0.0011148284514459622,0.0008507727761752903
30,B-全部外部(10维),GRU,42,0.001017014342992185,0.0008726466912776232
30,B-全部外部(10维),GRU,43,0.0010203018288242227,0.0008556579705327749
30,B-全部外部(10维),GRU,44,0.0010378792303440889,0.0010242954595014453
30,B-全部外部(10维),GRU,45,0.0008633120931848602,0.0009340296965092421
30,B-全部外部(10维),GRU,46,0.0009820549579205942,0.0007924114470370114
30,B-全部外部(10维),GRU,47,0.000937531274772283,0.0010873764986172318
30,B-全部外部(10维),GRU,48,0.000907252558964113,0.0012257955968379974
30,B-全部外部(10维),GRU,49,0.0009781477833485162,0.0008287144009955227
30,B-全部外部(10维),GRU,50,0.000899355010588069,0.0007846008520573378
30,B-全部外部(10维),GRU,51,0.0008742845901261147,0.0010258363327011466
30,B-全部外部(10维),GRU,52,0.0009247974487955337,0.0008437217329628766
30,B-全部外部(10维),GRU,53,0.0009594632463058411,0.0010435638250783086
30,B-全部外部(10维),GRU,54,0.0008601781446180517,0.0011054406641051173
30,B-全部外部(10维),GRU,55,0.0008399826699847268,0.0010562667157500982
30,B-全部外部(10维),GRU,56,0.0009435678036493504,0.0007844254723750055
30,B-全部外部(10维),GRU,57,0.0010719570985430365,0.0009109835955314338
30,B-全部外部(10维),GRU,58,0.0008493284531648534,0.00095178815536201
30,B-全部外部(10维),GRU,59,0.0008035762114452785,0.0007653380162082613
30,B-全部外部(10维),GRU,60,0.0009220487991497822,0.00092118646716699
30,B-全部外部(10维),GRU,61,0.0008458447024906676,0.0008756850729696453
30,B-全部外部(10维),GRU,62,0.0008981936940517197,0.001092040678486228
30,B-全部外部(10维),GRU,63,0.000894218434704353,0.0007352795801125467
30,B-全部外部(10维),GRU,64,0.0008767879001763422,0.001338049303740263
30,B-全部外部(10维),GRU,65,0.0008689282781484663,0.0008525557932443917
30,B-全部外部(10维),GRU,66,0.0008032045595414999,0.0010114345932379365
30,B-全部外部(10维),GRU,67,0.0009403167525979973,0.0007465246599167585
30,B-全部外部(10维),GRU,68,0.0008283016212916062,0.0011117738904431462
30,B-全部外部(10维),GRU,69,0.0009570639383421132,0.0007252612267620862
30,B-全部外部(10维),GRU,70,0.0008536769161814102,0.0008457727381028235
30,B-全部外部(10维),GRU,71,0.0007977602688736747,0.00075770408147946
30,B-全部外部(10维),GRU,72,0.0007961320868771188,0.0007419178728014231
30,B-全部外部(10维),GRU,73,0.0008198647446433638,0.0007398382294923067
30,B-全部外部(10维),GRU,74,0.0008366475446269245,0.0007242943975143135
30,B-全部外部(10维),GRU,75,0.0008714688249958237,0.0007036442984826863
30,B-全部外部(10维),GRU,76,0.0008409563154077696,0.0011370560387149453
30,B-全部外部(10维),GRU,77,0.0009294878259393779,0.0007793311378918588
30,B-全部外部(10维),GRU,78,0.0010140649003095765,0.0007165598217397928
30,B-全部外部(10维),GRU,79,0.0009253539335691046,0.0009564904030412436
30,B-全部外部(10维),GRU,80,0.0008823870852266755,0.0007271540234796703
30,B-全部外部(10维),LSTM,1,0.3953037876645588,0.006191141903400421
30,B-全部外部(10维),LSTM,2,0.01279058839698596,0.0026516765356063843
30,B-全部外部(10维),LSTM,3,0.004025793236056671,0.0024231711868196726
30,B-全部外部(10维),LSTM,4,0.0026490919236613064,0.0021495739929378033
30,B-全部外部(10维),LSTM,5,0.0024294103697865325,0.002180138835683465
30,B-全部外部(10维),LSTM,6,0.0022267114068785666,0.002419064985588193
30,B-全部外部(10维),LSTM,7,0.0022165994143955163,0.002676720730960369
30,B-全部外部(10维),LSTM,8,0.0022138254747611874,0.0027440721169114113
30,B-全部外部(10维),LSTM,9,0.0022324556980854284,0.0024689147248864174
30,B-全部外部(10维),LSTM,10,0.0021740275769269604,0.0024664998054504395
30,B-全部外部(10维),LSTM,11,0.0021976204597582744,0.0026486350689083338
30,B-全部外部(10维),LSTM,12,0.002206657368318422,0.002358723431825638
30,B-全部外部(10维),LSTM,13,0.002149938659371121,0.0026379504706710577
30,B-全部外部(10维),LSTM,14,0.0021276387770849817,0.0024453147780150175
30,B-全部外部(10维),LSTM,15,0.0021215197332605114,0.0021962986793369055
30,B-全部外部(10维),LSTM,16,0.002109170003011744,0.0025401385501027107
30,C-全部(11维),GRU,1,0.3185038865514017,0.007442045956850052
30,C-全部(11维),GRU,2,0.011444898135323216,0.0019370075315237045
30,C-全部(11维),GRU,3,0.0037669641784402585,0.001928331796079874
30,C-全部(11维),GRU,4,0.0023353746935415587,0.001956366468220949
30,C-全部(11维),GRU,5,0.0020923884926600943,0.002077896613627672
30,C-全部(11维),GRU,6,0.00205313553733566,0.002213749336078763
30,C-全部(11维),GRU,7,0.0020202282053868688,0.0023637786507606506
30,C-全部(11维),GRU,8,0.0020104505569732375,0.001986728748306632
30,C-全部(11维),GRU,9,0.001982065334169979,0.0020499376114457846
30,C-全部(11维),GRU,10,0.0019938363160875317,0.0023469121661037207
30,C-全部(11维),GRU,11,0.0019795714228657483,0.0019051526905968785
30,C-全部(11维),GRU,12,0.001953558675060024,0.00199421145953238
30,C-全部(11维),GRU,13,0.0018907584325787167,0.0020749035757035017
30,C-全部(11维),GRU,14,0.0019222948862350439,0.0021028569899499416
30,C-全部(11维),GRU,15,0.0018862075253077701,0.0019551487639546394
30,C-全部(11维),GRU,16,0.0018609617036992173,0.0018684534588828683
30,C-全部(11维),GRU,17,0.0017837733994220933,0.0017980496631935239
30,C-全部(11维),GRU,18,0.0017853273936879988,0.0016426100628450513
30,C-全部(11维),GRU,19,0.0016544031922723597,0.0015261861262843013
30,C-全部(11维),GRU,20,0.0016532349524537454,0.001415086560882628
30,C-全部(11维),GRU,21,0.0014801049014178155,0.0014346190728247166
30,C-全部(11维),GRU,22,0.001338430416394517,0.0013355225091800094
30,C-全部(11维),GRU,23,0.0011434918346676167,0.0010337495477870107
30,C-全部(11维),GRU,24,0.0011234526590555357,0.0011624149046838284
30,C-全部(11维),GRU,25,0.0010674126525980266,0.0009501405875198543
30,C-全部(11维),GRU,26,0.0011375823277056116,0.0014051211765035987
30,C-全部(11维),GRU,27,0.0009868929654615552,0.0008337595500051975
30,C-全部(11维),GRU,28,0.0009062413295494811,0.000985211692750454
30,C-全部(11维),GRU,29,0.0008793686761722647,0.0008812386076897383
30,C-全部(11维),GRU,30,0.0009905390886257724,0.0011081158882007003
30,C-全部(11维),GRU,31,0.0008972346382058847,0.0007236245437525213
30,C-全部(11维),GRU,32,0.0008145704393180529,0.0012143923668190837
30,C-全部(11维),GRU,33,0.0010835096475936233,0.0007931569125503302
30,C-全部(11维),GRU,34,0.0009558289950548905,0.0009521336760371923
30,C-全部(11维),GRU,35,0.0008216265278578349,0.00115136185195297
30,C-全部(11维),GRU,36,0.0009433663819330122,0.0006717576761730015
30,C-全部(11维),GRU,37,0.0008241271433312208,0.001037650858052075
30,C-全部(11维),GRU,38,0.000780465969360722,0.0005995125975459814
30,C-全部(11维),GRU,39,0.0007085405279991748,0.0006486850325018167
30,C-全部(11维),GRU,40,0.0007657191022847931,0.00076388189336285
30,C-全部(11维),GRU,41,0.0006713347069133781,0.000551510660443455
30,C-全部(11维),GRU,42,0.0007403413903838741,0.0005352754378691316
30,C-全部(11维),GRU,43,0.0006064295047709913,0.0005521320854313672
30,C-全部(11维),GRU,44,0.0007009274835895742,0.0006872837548144162
30,C-全部(11维),GRU,45,0.0007012460161495792,0.0005829380825161934
30,C-全部(11维),GRU,46,0.0006316224328239303,0.0005258278688415885
30,C-全部(11维),GRU,47,0.0006485129231959385,0.0004954268224537373
30,C-全部(11维),GRU,48,0.0006975009265810894,0.00048499670810997486
30,C-全部(11维),GRU,49,0.0005566919170451576,0.0004832815320696682
30,C-全部(11维),GRU,50,0.0005425056840365616,0.0004601593827828765
30,C-全部(11维),GRU,51,0.0005389844897611734,0.0004861591150984168
30,C-全部(11维),GRU,52,0.0005485132505146219,0.0005297064199112356
30,C-全部(11维),GRU,53,0.0005489818955339768,0.00042355945333838463
30,C-全部(11维),GRU,54,0.0005938872773171369,0.0010285723255947232
30,C-全部(11维),GRU,55,0.0007199873914268516,0.0004836598236579448
30,C-全部(11维),GRU,56,0.0005676870383488809,0.00046957272570580244
30,C-全部(11维),GRU,57,0.0005986210200869465,0.0007122571696527302
30,C-全部(11维),GRU,58,0.0005422350550648501,0.00040477505535818636
30,C-全部(11维),GRU,59,0.0004935767311445569,0.0004315856203902513
30,C-全部(11维),GRU,60,0.0005450396453653086,0.00039834194467402995
30,C-全部(11维),GRU,61,0.00048014217182853775,0.0004283476446289569
30,C-全部(11维),GRU,62,0.0005224100464116243,0.0004127285210415721
30,C-全部(11维),GRU,63,0.00043973842223489886,0.0003727149742189795
30,C-全部(11维),GRU,64,0.0005481926818500257,0.00036467460449784994
30,C-全部(11维),GRU,65,0.0005309815008865904,0.0005938782705925405
30,C-全部(11维),GRU,66,0.0005289716988401208,0.00041619871626608074
30,C-全部(11维),GRU,67,0.0005140336210831366,0.00037051658728159964
30,C-全部(11维),GRU,68,0.0005290578951082266,0.0004077107587363571
30,C-全部(11维),GRU,69,0.0005166845572284418,0.0007303424063138664
30,C-全部(11维),GRU,70,0.0005925846248333573,0.0007647554739378393
30,C-全部(11维),GRU,71,0.000649479262868598,0.000422306009568274
30,C-全部(11维),GRU,72,0.0004882666364171077,0.0005014140624552965
30,C-全部(11维),GRU,73,0.0005400516138400301,0.0006947871879674494
30,C-全部(11维),GRU,74,0.0005104558882155337,0.00034375907853245735
30,C-全部(11维),GRU,75,0.00048243514926154174,0.0005611060769297183
30,C-全部(11维),GRU,76,0.000597490526007406,0.0004215324588585645
30,C-全部(11维),GRU,77,0.0004801047574995729,0.00040964604704640806
30,C-全部(11维),GRU,78,0.00039987758775770777,0.0004636819940060377
30,C-全部(11维),GRU,79,0.00047122961497972907,0.0003109654353465885
30,C-全部(11维),GRU,80,0.0003771785065396515,0.00045556880650110543
30,C-全部(11维),LSTM,1,0.48459499097306247,0.03933796286582947
30,C-全部(11维),LSTM,2,0.011206395613487177,0.004220121074467897
30,C-全部(11维),LSTM,3,0.0034952131811596026,0.0022157838102430105
30,C-全部(11维),LSTM,4,0.0024358124417330736,0.0024079515133053064
30,C-全部(11维),LSTM,5,0.0022141996174384455,0.002494029700756073
30,C-全部(11维),LSTM,6,0.0021690772900231445,0.002423008903861046
30,C-全部(11维),LSTM,7,0.0022325454803251285,0.002389824716374278
30,C-全部(11维),LSTM,8,0.002217995346416531,0.002814972773194313
30,C-全部(11维),LSTM,9,0.0021608643086067645,0.0024123031180351973
30,C-全部(11维),LSTM,10,0.0021669873393345028,0.0024583826307207346
30,C-全部(11维),LSTM,11,0.002167849592900767,0.002707313746213913
30,C-全部(11维),LSTM,12,0.0021572888505227202,0.0025261035189032555
30,C-全部(11维),LSTM,13,0.002171634312578012,0.002426738617941737
30,C-全部(11维),LSTM,14,0.002214244585107034,0.0026995318476110697
30,C-全部(11维),LSTM,15,0.0021831810688487264,0.0024583099875599146
50,A-宏观(3维),GRU,1,0.48233991925511066,0.07555010169744492
50,A-宏观(3维),GRU,2,0.024414567473893593,0.0052236346527934074
50,A-宏观(3维),GRU,3,0.006300988872741002,0.0035097019281238317
50,A-宏观(3维),GRU,4,0.004402022083190402,0.004420605953782797
50,A-宏观(3维),GRU,5,0.004114731907119687,0.003812852082774043
50,A-宏观(3维),GRU,6,0.003930947912440044,0.003732733428478241
50,A-宏观(3维),GRU,7,0.003859971059760567,0.0045773922465741634
50,A-宏观(3维),GRU,8,0.0038329356058873533,0.0038679083809256554
50,A-宏观(3维),GRU,9,0.003791108452662992,0.004564546514302492
50,A-宏观(3维),GRU,10,0.0037305402403112137,0.0035606520250439644
50,A-宏观(3维),GRU,11,0.0037770424058471727,0.003846618579700589
50,A-宏观(3维),GRU,12,0.003721335240585778,0.004652045667171478
50,A-宏观(3维),GRU,13,0.0038102816751722896,0.003951584920287132
50,A-宏观(3维),GRU,14,0.003673173895537465,0.0037946724332869053
50,A-宏观(3维),GRU,15,0.003675302944989288,0.0038117514923214912
50,A-宏观(3维),LSTM,1,0.5131555216011613,0.021151123568415642
50,A-宏观(3维),LSTM,2,0.02956431872146536,0.013882639817893505
50,A-宏观(3维),LSTM,3,0.005911544820413604,0.007929052226245403
50,A-宏观(3维),LSTM,4,0.0045330846812902835,0.0035039298236370087
50,A-宏观(3维),LSTM,5,0.0038149245184831864,0.0034879189915955067
50,A-宏观(3维),LSTM,6,0.003673737466504628,0.003853520844131708
50,A-宏观(3维),LSTM,7,0.0036799227457408384,0.003886688267812133
50,A-宏观(3维),LSTM,8,0.003674988346352603,0.004107003565877676
50,A-宏观(3维),LSTM,9,0.0036813392945560827,0.00386047107167542
50,A-宏观(3维),LSTM,10,0.0036713976449155384,0.003864314639940858
50,A-宏观(3维),LSTM,11,0.003625532249157089,0.0039362856186926365
50,A-宏观(3维),LSTM,12,0.003660304977987823,0.003965005278587341
50,A-宏观(3维),LSTM,13,0.0036436401082055245,0.003996438812464476
50,A-宏观(3维),LSTM,14,0.003691880591164191,0.00402261083945632
50,A-宏观(3维),LSTM,15,0.0036479383594406486,0.0039445809088647366
50,A-宏观(3维),LSTM,16,0.003718815872778424,0.0037433523684740067
50,A-宏观(3维),LSTM,17,0.003640799334095489,0.0038982911501079798
50,B-全部外部(10维),GRU,1,0.2566218474540208,0.03776484727859497
50,B-全部外部(10维),GRU,2,0.013915712090089308,0.01369915809482336
50,B-全部外部(10维),GRU,3,0.005431087892096547,0.004553168546408415
50,B-全部外部(10维),GRU,4,0.0038619684811744886,0.0030280256178230047
50,B-全部外部(10维),GRU,5,0.0035009584783248166,0.0028357594273984432
50,B-全部外部(10维),GRU,6,0.00324115933798915,0.003354191780090332
50,B-全部外部(10维),GRU,7,0.003004691347178787,0.0033359061926603317
50,B-全部外部(10维),GRU,8,0.0028370239277771816,0.003037335816770792
50,B-全部外部(10维),GRU,9,0.002644948612681725,0.002556626684963703
50,B-全部外部(10维),GRU,10,0.0024526329085494234,0.0029990843031555414
50,B-全部外部(10维),GRU,11,0.00218299087305325,0.0027232635766267776
50,B-全部外部(10维),GRU,12,0.0020046935581138226,0.0015624561347067356
50,B-全部外部(10维),GRU,13,0.002059034231291655,0.002078214893117547
50,B-全部外部(10维),GRU,14,0.0017953147133341943,0.001611354760825634
50,B-全部外部(10维),GRU,15,0.0016443975969647978,0.0019166436977684498
50,B-全部外部(10维),GRU,16,0.0016030976494946524,0.0014479587553068995
50,B-全部外部(10维),GRU,17,0.001627917179183273,0.0013593969633802772
50,B-全部外部(10维),GRU,18,0.0015436274266629967,0.0013865259243175387
50,B-全部外部(10维),GRU,19,0.0014853005989784933,0.0014123389264568686
50,B-全部外部(10维),GRU,20,0.001477381058536363,0.0013126606354489923
50,B-全部外部(10维),GRU,21,0.001597435611331363,0.0012917977292090654
50,B-全部外部(10维),GRU,22,0.001687630272598156,0.0011607878841459751
50,B-全部外部(10维),GRU,23,0.0018801621044057598,0.0019670987967401743
50,B-全部外部(10维),GRU,24,0.0014159761720516702,0.0016217889497056603
50,B-全部外部(10维),GRU,25,0.0014676987100070752,0.00131328240968287
50,B-全部外部(10维),GRU,26,0.0014724020512847864,0.0015500647714361548
50,B-全部外部(10维),GRU,27,0.0014192906799634592,0.001477985642850399
50,B-全部外部(10维),GRU,28,0.0013666643253228033,0.0016958472551777959
50,B-全部外部(10维),GRU,29,0.0013060335383430154,0.001514071598649025
50,B-全部外部(10维),GRU,30,0.0013715318893503293,0.001122365240007639
50,B-全部外部(10维),GRU,31,0.001460503764274287,0.001051507773809135
50,B-全部外部(10维),GRU,32,0.0015800515206972339,0.0011171879014000297
50,B-全部外部(10维),GRU,33,0.0013860577638451642,0.0010722385486587882
50,B-全部外部(10维),GRU,34,0.0013066011895403336,0.0016521444777026772
50,B-全部外部(10维),GRU,35,0.0012681519061600287,0.0012018694542348385
50,B-全部外部(10维),GRU,36,0.0012530633624061815,0.001247414737008512
50,B-全部外部(10维),GRU,37,0.0012029335338469835,0.0011705773649737239
50,B-全部外部(10维),GRU,38,0.0012160677851857553,0.0011352731380611658
50,B-全部外部(10维),GRU,39,0.0012248212043077134,0.0011129516642540693
50,B-全部外部(10维),GRU,40,0.0013253042062943536,0.0017751975683495402
50,B-全部外部(10维),GRU,41,0.0011858903624192632,0.0010731527581810951
50,B-全部外部(10维),GRU,42,0.0012059903425495756,0.0013792382087558508
50,B-全部外部(10维),GRU,43,0.0011347021876251576,0.001617011264897883
50,B-全部外部(10维),LSTM,1,0.4015488487028144,0.0042212423868477345
50,B-全部外部(10维),LSTM,2,0.01498164834775494,0.0038077831268310547
50,B-全部外部(10维),LSTM,3,0.005191867122924721,0.003262288635596633
50,B-全部外部(10维),LSTM,4,0.004088140669110955,0.003372461535036564
50,B-全部外部(10维),LSTM,5,0.003776981705747216,0.0034992233850061893
50,B-全部外部(10维),LSTM,6,0.0036357550791195894,0.0039572142995893955
50,B-全部外部(10维),LSTM,7,0.0036416925791431178,0.004318810533732176
50,B-全部外部(10维),LSTM,8,0.0036689434969200616,0.004525396041572094
50,B-全部外部(10维),LSTM,9,0.003727386784549171,0.004225257784128189
50,B-全部外部(10维),LSTM,10,0.0036486254347481355,0.0039175585843622684
50,B-全部外部(10维),LSTM,11,0.0036203752105717943,0.00404531043022871
50,B-全部外部(10维),LSTM,12,0.0035859815341136767,0.003816487966105342
50,B-全部外部(10维),LSTM,13,0.0035320510247307357,0.0037814597599208355
50,B-全部外部(10维),LSTM,14,0.0035408759163618325,0.0034820588771253824
50,B-全部外部(10维),LSTM,15,0.003419889121923887,0.0043112970888614655
50,C-全部(11维),GRU,1,0.3257179967445113,0.005430319346487522
50,C-全部(11维),GRU,2,0.014132933856761959,0.0028509788680821657
50,C-全部(11维),GRU,3,0.005682544048245777,0.0030693027656525373
50,C-全部(11维),GRU,4,0.0036686904077823652,0.0030467871110886335
50,C-全部(11维),GRU,5,0.0033838617417848472,0.003272098721936345
50,C-全部(11维),GRU,6,0.0032425600468938116,0.003841400844976306
50,C-全部(11维),GRU,7,0.0032083884606673592,0.0035105710849165916
50,C-全部(11维),GRU,8,0.0031065843915957948,0.0032725464552640915
50,C-全部(11维),GRU,9,0.00300469221240271,0.0029981813859194517
50,C-全部(11维),GRU,10,0.0028794693325114957,0.0031219851225614548
50,C-全部(11维),GRU,11,0.002645002611690478,0.0034610284492373466
50,C-全部(11维),GRU,12,0.002540929578165467,0.0021828312892466784
50,C-全部(11维),GRU,13,0.0021676130811666503,0.0029209069907665253
50,C-全部(11维),GRU,14,0.0019278762009116617,0.001884910394437611
50,C-全部(11维),GRU,15,0.0018335358403842937,0.0017400989308953285
50,C-全部(11维),GRU,16,0.001616811956730035,0.001993096899241209
50,C-全部(11维),GRU,17,0.0016798419868108132,0.001139187254011631
50,C-全部(11维),GRU,18,0.001409052862255482,0.0011478500673547387
50,C-全部(11维),GRU,19,0.0013208802728983042,0.0013089694548398256
50,C-全部(11维),GRU,20,0.0013134488218267395,0.0009244162356480956
50,C-全部(11维),GRU,21,0.0011282489236601684,0.0014868311118334532
50,C-全部(11维),GRU,22,0.001140266553704775,0.0009972027037292719
50,C-全部(11维),GRU,23,0.0012100958282693405,0.0010067062685266137
50,C-全部(11维),GRU,24,0.0012633505097606726,0.000829059979878366
50,C-全部(11维),GRU,25,0.0009675137970966902,0.0006722140242345631
50,C-全部(11维),GRU,26,0.0011163692697852945,0.0007617473602294922
50,C-全部(11维),GRU,27,0.001003480025585434,0.0008226613281294703
50,C-全部(11维),GRU,28,0.0009341663752144311,0.0007656809175387025
50,C-全部(11维),GRU,29,0.0010246928123502752,0.0007633611676283181
50,C-全部(11维),GRU,30,0.0009206526366630366,0.0005810724105685949
50,C-全部(11维),GRU,31,0.0008521180800204341,0.0008374388562515378
50,C-全部(11维),GRU,32,0.000892582228700623,0.0009408360929228365
50,C-全部(11维),GRU,33,0.0007880797491105375,0.0012127325171604753
50,C-全部(11维),GRU,34,0.0008838012991713212,0.0005640825256705284
50,C-全部(11维),GRU,35,0.0007393482102639181,0.0005289216060191393
50,C-全部(11维),GRU,36,0.0006669107567101067,0.0005364615935832262
50,C-全部(11维),GRU,37,0.0006732473572048198,0.0005048767197877169
50,C-全部(11维),GRU,38,0.000645141810691702,0.0007694792002439499
50,C-全部(11维),GRU,39,0.0007656818452097599,0.0008035146747715771
50,C-全部(11维),GRU,40,0.0007361175478728174,0.0005345235113054514
50,C-全部(11维),GRU,41,0.0007075691110269325,0.0006546348449774086
50,C-全部(11维),GRU,42,0.00105690404659252,0.000591087038628757
50,C-全部(11维),GRU,43,0.0007878756134202412,0.000515951425768435
50,C-全部(11维),GRU,44,0.0006465627087734675,0.000509122502990067
50,C-全部(11维),GRU,45,0.0007230632280305043,0.0004605416615959257
50,C-全部(11维),GRU,46,0.0006213675420567917,0.0005274650757201016
50,C-全部(11维),GRU,47,0.0007347789589513206,0.000807552074547857
50,C-全部(11维),GRU,48,0.0006886672851406008,0.0005023371777497232
50,C-全部(11维),GRU,49,0.0005968380042964247,0.00045640210737474263
50,C-全部(11维),GRU,50,0.0006320098504015126,0.0004105753905605525
50,C-全部(11维),GRU,51,0.0005428725838089824,0.0006631634896621108
50,C-全部(11维),GRU,52,0.0006964793244036631,0.0008328586700372398
50,C-全部(11维),GRU,53,0.0007721865207121739,0.0009210194693878293
50,C-全部(11维),GRU,54,0.0007416227869137405,0.0014296018052846193
50,C-全部(11维),GRU,55,0.0007237484624472202,0.0008332300349138677
50,C-全部(11维),GRU,56,0.0005218459875075317,0.0004558857181109488
50,C-全部(11维),GRU,57,0.0004462876768645586,0.00044909323332831264
50,C-全部(11维),GRU,58,0.0004479290275034385,0.00048176271957345307
50,C-全部(11维),GRU,59,0.0004582854105651791,0.0003557094605639577
50,C-全部(11维),GRU,60,0.0007231497052739582,0.0008829553844407201
50,C-全部(11维),GRU,61,0.0009370032721558058,0.0008259718306362629
50,C-全部(11维),GRU,62,0.0005982044762656972,0.0003846069157589227
50,C-全部(11维),GRU,63,0.00046919454578278066,0.0003473259275779128
50,C-全部(11维),GRU,64,0.0004377632651393634,0.00039728960837237537
50,C-全部(11维),GRU,65,0.0004486935716684351,0.000349825102603063
50,C-全部(11维),GRU,66,0.00044531253207529903,0.0003231267328374088
50,C-全部(11维),GRU,67,0.0003589958262166621,0.0003410971548873931
50,C-全部(11维),GRU,68,0.00042737808926050796,0.00030334119219332933
50,C-全部(11维),GRU,69,0.00039111520217868746,0.0003158480685669929
50,C-全部(11维),GRU,70,0.0005030813618280401,0.0010048883268609643
50,C-全部(11维),GRU,71,0.0009790009024673316,0.00036825306597165763
50,C-全部(11维),GRU,72,0.0005923639888246878,0.0004373929987195879
50,C-全部(11维),GRU,73,0.00046333112314631616,0.00030217328458093107
50,C-全部(11维),GRU,74,0.00044633235060993596,0.0005068519385531545
50,C-全部(11维),GRU,75,0.00041276280665354274,0.0003055753477383405
50,C-全部(11维),GRU,76,0.0004692540033456782,0.00034581057843752205
50,C-全部(11维),GRU,77,0.0003812947027019588,0.000720351526979357
50,C-全部(11维),GRU,78,0.000636826733256958,0.0007983191753737628
50,C-全部(11维),GRU,79,0.00040163342973847656,0.00033491619979031384
50,C-全部(11维),GRU,80,0.00039696273890473465,0.0003534223942551762
50,C-全部(11维),LSTM,1,0.5106336769035431,0.048801176249980927
50,C-全部(11维),LSTM,2,0.01593764876780446,0.005841572768986225
50,C-全部(11维),LSTM,3,0.005367751107518974,0.0031828097999095917
50,C-全部(11维),LSTM,4,0.004095730588388674,0.0036978174466639757
50,C-全部(11维),LSTM,5,0.0038339366382785073,0.004031979013234377
50,C-全部(11维),LSTM,6,0.0037435795351811415,0.003693845821544528
50,C-全部(11维),LSTM,7,0.0037141695788455954,0.003476107493042946
50,C-全部(11维),LSTM,8,0.0037349818675674338,0.003826254978775978
50,C-全部(11维),LSTM,9,0.0036802054496738487,0.004041362553834915
50,C-全部(11维),LSTM,10,0.003668039772389204,0.0048804269172251225
50,C-全部(11维),LSTM,11,0.003676259673954617,0.004420761950314045
50,C-全部(11维),LSTM,12,0.003621195875710309,0.003794534131884575
50,C-全部(11维),LSTM,13,0.0036293641076874284,0.0043749562464654446
50,C-全部(11维),LSTM,14,0.0037183046356043573,0.0039427918381989
50,C-全部(11维),LSTM,15,0.003637105120808393,0.003934623673558235
